<?xml version="1.0"?>
<qualifieddc xmlns:xsi="http://www.w3.org/2001/XMLSchema-instance" xmlns:dc="http://purl.org/dc/elements/1.1/" xmlns:dcterms="http://purl.org/dc/terms/" xsi:noNamespaceSchemaLocation="http://dublincore.org/schemas/xmls/qdc/2008/02/11/qualifieddc.xsd">
    <dc:creator>Moles, David</dc:creator>
    <dc:title>Merrit SWORD upload test</dc:title>
    <dc:publisher>UC Office of the President</dc:publisher>
    <dc:date>2016</dc:date>
    <dc:subject>Data literacy</dc:subject>
    <dc:format>Collection</dc:format>
    <dcterms:extent>446</dcterms:extent>
    <dc:rights>Creative Commons Attribution 4.0 International (CC-BY 4.0)</dc:rights>
    <dcterms:license xsi:type="dcterms:URI">https://creativecommons.org/licenses/by/4.0/</dcterms:license>
    <dc:description>Lorem ipsum dolor sit amet.</dc:description>
</qualifieddc>
