<?xml version="1.0"?>
<qualifieddc xmlns:xsi="http://www.w3.org/2001/XMLSchema-instance" xmlns:dc="http://purl.org/dc/elements/1.1/" xmlns:dcterms="http://purl.org/dc/terms/" xsi:noNamespaceSchemaLocation="http://dublincore.org/schemas/xmls/qdc/2008/02/11/qualifieddc.xsd">
  <dc:creator>Chen, Hao</dc:creator>
  <dc:contributor>Chen, Xiaoxin</dc:contributor>
  <dc:contributor>Wilson, James</dc:contributor>
  <dc:title>A Zebrafish Model for Studies on Esophageal Epithelial Biology</dc:title>
  <dc:publisher>UC San Francisco</dc:publisher>
  <dc:date>2016</dc:date>
  <dc:subject>Zebrafish</dc:subject>
  <dc:subject>Epithelium</dc:subject>
  <dc:subject>Barrett's esophagus</dc:subject>
  <dc:type>dataset</dc:type>
  <dc:rights>CC0 1.0 Universal (CC0 1.0) Public Domain Dedication</dc:rights>
  <dcterms:license xsi:type="dcterms:URI">https://creativecommons.org/publicdomain/zero/1.0/</dcterms:license>
  <dc:description>Mammalian esophagus exhibits a remarkable change in epithelial
      structure during the transition from embryo to adult. However, the
      molecular mechanisms of esophageal epithelial development are not well
      understood. Zebrafish (Danio rerio), a common model organism for
      vertebrate development and gene function, has not previously been
      characterized as a model system for esophageal epithelial development.
      In this study, we characterized a piece of non-keratinized stratified
      squamous epithelium similar to human esophageal epithelium in the
      upper digestive tract of developing zebrafish. Under the microscope,
      this piece was detectable at 5dpf and became stratified at 7dpf.
      Expression of esophageal epithelial marker genes (Krt5, P63, Sox2
      and Pax9) was detected by immunohistochemistry and in situ
      hybridization. Knockdown of P63, a gene known to be critical for
      esophageal epithelium, disrupted the development of this epithelium.
      With this model system, we found that Pax9 knockdown resulted in loss
      or disorganization of the squamous epithelium, as well as
      down-regulation of the differentiation markers Krt4 and Krt5. In
      summary, we characterized a region of stratified squamous epithelium
      in the zebrafish upper digestive tract which can be used for
      functional studies of candidate genes involved in esophageal epithelial biology.</dc:description>
  <dc:description>Data were created with funding from the U.S. Environmental Protection
      Agency under grant EPA STAR Fellowship 2011.</dc:description>
  <dc:description>Data were created with funding from the CYBER-ShARE Center of Excellence
      National Science Foundation (NSF) CREST grants under grants HRD-0734825
      and HRD-1242122.</dc:description>
  <dc:description>Data were created with funding from the CI-Team Grant
      under grant OCI-1135525.</dc:description>
  <dcterms:isReferencedBy>DOI: 10.1371/journal.pone.0143878
    </dcterms:isReferencedBy>
  <dcterms:relation>URL: 
      http://journals.plos.org/plosone/article?id=10.1371/journal.pone.0143878
    </dcterms:relation>
</qualifieddc>
