<?xml version="1.0" encoding="UTF-8"?>
<resource xmlns='http://datacite.org/schema/kernel-3' xmlns:xsi='http://www.w3.org/2001/XMLSchema-instance' xsi:schemaLocation='http://datacite.org/schema/kernel-3 http://schema.datacite.org/meta/kernel-3/metadata.xsd'>
  <identifier identifierType='DOI'>10.5072/FK20160408dmoles</identifier>
  <creators>
    <creator>
      <creatorName>Moles, David</creatorName>
    </creator>
  </creators>
  <titles>
    <title xml:lang='en'>Merrit SWORD upload test</title>
  </titles>
  <publisher>UC Office of the President</publisher>
  <publicationYear>2016</publicationYear>
  <subjects>
    <subject xml:lang='en'>Data literacy</subject>
  </subjects>
  <language>en</language>
  <resourceType resourceTypeGeneral='Dataset'>Text</resourceType>
  <descriptions>
    <description xml:lang='en' descriptionType='Abstract'>Lorem ipsum dolor sit amet.</description>
  </descriptions>
</resource>
