<?xml version="1.0" encoding="UTF-8"?>
<st:stash_wrapper xmlns:xsi="http://www.w3.org/2001/XMLSchema-instance"
                  xsi:schemaLocation="http://dash.cdlib.org/stash_wrapper/ http://dash.cdlib.org/stash_wrapper/stash_wrapper.xsd"
                  xmlns:st="http://dash.cdlib.org/stash_wrapper/">
  <st:identifier type="DOI">10.5072/FK20160408dmoles</st:identifier>
  <st:stash_administrative>
    <st:version>
      <st:version_number>1</st:version_number>
      <st:date>2016-04-08</st:date>
    </st:version>
    <st:license>
      <st:name>Creative Commons Attribution 4.0 International (CC-BY)</st:name>
      <st:uri>https://creativecommons.org/licenses/by/4.0/legalcode</st:uri>
    </st:license>
    <st:embargo>
      <st:type>download</st:type>
      <st:period>1 year</st:period>
      <st:start>2015-04-08</st:start>
      <st:end>2016-04-08</st:end>
    </st:embargo>
    <st:inventory num_files="1">
      <st:file>
        <st:pathname>lorem-ipsum.txt</st:pathname>
        <st:size unit="B">446</st:size>
        <st:mime_type>text/plain</st:mime_type>
      </st:file>
    </st:inventory>
  </st:stash_administrative>
  <st:stash_descriptive>
    <dcs:resource xmlns:dcs="http://datacite.org/schema/kernel-3"
                  xmlns:xsi="http://www.w3.org/2001/XMLSchema-instance"
                  xsi:schemaLocation="http://datacite.org/schema/kernel-3
                                http://schema.datacite.org/meta/kernel-3/metadata.xsd">
      <dcs:identifier identifierType="DOI">doi:10.5072/FK20160408dmoles</dcs:identifier>
      <dcs:creators>
        <dcs:creator>
          <dcs:creatorName>Moles, David</dcs:creatorName>
        </dcs:creator>
      </dcs:creators>
      <dcs:titles>
        <dcs:title>Merrit SWORD upload test</dcs:title>
      </dcs:titles>
      <dcs:publisher>UC Office of the President</dcs:publisher>
      <dcs:publicationYear>2016</dcs:publicationYear>
      <dcs:subjects>
        <dcs:subject>Data literacy</dcs:subject>
      </dcs:subjects>
      <dcs:resourceType resourceTypeGeneral="Dataset">Text</dcs:resourceType>
      <dcs:descriptions>
        <dcs:description descriptionType="Abstract">
          Lorem ipsum dolor sit amet.
        </dcs:description>
      </dcs:descriptions>
    </dcs:resource>
  </st:stash_descriptive>
</st:stash_wrapper>
